{"cameraMode":{"drawMode":0,"name":"Shaded","section":"Shading Mode"},"sceneLighting":true,"audioPlay":false,"sceneViewState":{"showFog":true,"showMaterialUpdate":true,"showSkybox":true,"showFlares":true,"showImageEffects":true,"showParticleSystems":true},"in2DMode":false,"pivot":{"x":-21.91048812866211,"y":-5.264289379119873,"z":33.37372970581055},"rotation":{"x":-0.10709473490715027,"y":0.2813941240310669,"z":-0.03161919116973877,"w":-0.9530755877494812},"size":24.66041374206543,"orthographic":false}