{"cameraMode":{"drawMode":0,"name":"Shaded","section":"Shading Mode"},"sceneLighting":true,"audioPlay":false,"sceneViewState":{"showFog":true,"showMaterialUpdate":true,"showSkybox":true,"showFlares":true,"showImageEffects":true,"showParticleSystems":true},"in2DMode":false,"pivot":{"x":4.596981048583984,"y":2.1227149963378908,"z":-2.4346671104431154},"rotation":{"x":0.20582112669944764,"y":-0.2633911371231079,"z":0.05762768164277077,"w":0.9407140016555786},"size":4.85063362121582,"orthographic":false}