{"cameraMode":{"drawMode":0,"name":"Shaded","section":"Shading Mode"},"sceneLighting":true,"audioPlay":false,"sceneViewState":{"showFog":true,"showMaterialUpdate":true,"showSkybox":true,"showFlares":true,"showImageEffects":true,"showParticleSystems":true},"in2DMode":false,"pivot":{"x":-2.4162726402282717,"y":1.2696866989135743,"z":0.048746585845947269},"rotation":{"x":-0.14100755751132966,"y":0.07593078166246414,"z":-0.010850139893591404,"w":-0.9870471954345703},"size":20.883651733398439,"orthographic":false}