{"cameraMode":{"drawMode":0,"name":"Shaded","section":"Shading Mode"},"sceneLighting":true,"audioPlay":false,"sceneViewState":{"showFog":true,"showMaterialUpdate":true,"showSkybox":false,"showFlares":true,"showImageEffects":true,"showParticleSystems":true},"in2DMode":false,"pivot":{"x":3.930000066757202,"y":0.9200000166893005,"z":-5.289999961853027},"rotation":{"x":-0.2870927155017853,"y":-0.5102094411849976,"z":0.18560244143009187,"w":-0.7891906499862671},"size":1.2728726863861085,"orthographic":false}